{"cameraMode":{"drawMode":0,"name":"Shaded","section":"Shading Mode"},"sceneLighting":false,"audioPlay":false,"sceneViewState":{"showFog":true,"showMaterialUpdate":false,"showSkybox":false,"showFlares":true,"showImageEffects":true,"showParticleSystems":true},"in2DMode":false,"pivot":{"x":7.626321792602539,"y":4.161622047424316,"z":9.706901550292969},"rotation":{"x":-0.35889267921447756,"y":-0.18930909037590028,"z":0.07458481192588806,"w":-0.9109309911727905},"size":24.330448150634767,"orthographic":false}