{"cameraMode":{"drawMode":0,"name":"Shaded","section":"Shading Mode"},"sceneLighting":true,"audioPlay":false,"sceneViewState":{"showFog":true,"showMaterialUpdate":false,"showSkybox":true,"showFlares":true,"showImageEffects":true,"showParticleSystems":true},"in2DMode":false,"pivot":{"x":417.421142578125,"y":179.01292419433595,"z":-230.40963745117188},"rotation":{"x":0.13465674221515656,"y":-0.8649020791053772,"z":0.35644271969795229,"w":0.32674241065979006},"size":0.0778188705444336,"orthographic":false}