{"cameraMode":{"drawMode":0,"name":"Shaded","section":"Shading Mode"},"sceneLighting":false,"audioPlay":false,"sceneViewState":{"showFog":true,"showMaterialUpdate":false,"showSkybox":false,"showFlares":true,"showImageEffects":true,"showParticleSystems":true,"showVisualEffectGraphs":true,"m_FxEnabled":true},"in2DMode":false,"pivot":{"x":44.986148834228519,"y":3.5467734336853029,"z":-15.591008186340332},"rotation":{"x":0.2370310127735138,"y":0.6316015124320984,"z":-0.21168623864650727,"w":0.7071857452392578},"size":0.11819535493850708,"orthographic":false}