{"cameraMode":{"drawMode":0,"name":"Shaded","section":"Shading Mode"},"sceneLighting":false,"audioPlay":false,"sceneViewState":{"showFog":true,"showMaterialUpdate":false,"showSkybox":false,"showFlares":true,"showImageEffects":true,"showParticleSystems":true,"showVisualEffectGraphs":true,"m_FxEnabled":true},"in2DMode":false,"pivot":{"x":11.98038101196289,"y":-2.991439260642819e-16,"z":13.474756240844727},"rotation":{"x":0.2638627588748932,"y":-0.18386197090148927,"z":0.051125723868608478,"w":0.9455649256706238},"size":0.01527249813079834,"orthographic":false}